<?xml version="1.0" encoding="UTF-8"?>
<project-private xmlns="http://www.netbeans.org/ns/project-private/1">
    <editor-bookmarks xmlns="http://www.netbeans.org/ns/editor-bookmarks/2" lastBookmarkId="0"/>
    <open-files xmlns="http://www.netbeans.org/ns/projectui-open-files/2">
        <group>
            <file>file:/home/hoangcuong2011/NetBeansProjects/OLD_Netbeans_1_February_2016/SCAligner/src/cat/programs/SaveModel.java</file>
            <file>file:/home/hoangcuong2011/NetBeansProjects/OLD_Netbeans_1_February_2016/SCAligner/src/BilingualLMs/ProgramController.java</file>
            <file>file:/home/hoangcuong2011/NetBeansProjects/OLD_Netbeans_1_February_2016/SCAligner/src/cat/programs/PLSA.java</file>
            <file>file:/home/hoangcuong2011/NetBeansProjects/OLD_Netbeans_1_February_2016/SCAligner/src/BilingualLMs/getSentencePrior.java</file>
            <file>file:/home/hoangcuong2011/NetBeansProjects/OLD_Netbeans_1_February_2016/SCAligner/src/cat/models/AbstractModel.java</file>
            <file>file:/home/hoangcuong2011/NetBeansProjects/OLD_Netbeans_1_February_2016/SCAligner/src/cat/models/DiagonalDistanceDistortionTable.java</file>
            <file>file:/home/hoangcuong2011/NetBeansProjects/OLD_Netbeans_1_February_2016/SCAligner/src/cat/alignmnets/Alignment.java</file>
            <file>file:/home/hoangcuong2011/NetBeansProjects/OLD_Netbeans_1_February_2016/SCAligner/src/BilingualLMs/GetTestDevPerplexity.java</file>
            <file>file:/home/hoangcuong2011/NetBeansProjects/OLD_Netbeans_1_February_2016/SCAligner/src/BilingualLMs/TrainBaseline.java</file>
            <file>file:/home/hoangcuong2011/NetBeansProjects/OLD_Netbeans_1_February_2016/SCAligner/src/BilingualLMs/TrainLatentModel.java</file>
        </group>
    </open-files>
</project-private>
